id,status,name,name_en,province,amphoe,tambon,lat,lng,first_seen,sessions,photo,motdang_url
cm-curated-121-coffee,added,121 Coffee,121 Coffee,cm,เมืองเชียงใหม่,ศรีภูมิ,18.78997,98.978349,2026-09-23,1,https://nanobotco.github.io/field/photos/2026-09-23/ride-20260923-place-cm-curated-121-coffee.jpg,https://motdang.net/cm/p/121-coffee-121.html
cm-curated-ayutthaya-thai-kitchen,added,ครัวอยุธยา,Ayutthaya Thai Kitchen,cm,เมืองเชียงใหม่,ศรีภูมิ,18.791408,98.982174,2026-09-23,1,,https://motdang.net/cm/p/ayutthaya-thai-kitchen-cmcuratedayutthayathaikitchen.html
cm-curated-bake-a-seat,added,Bake A Seat,Bake A Seat,cm,เมืองเชียงใหม่,ศรีภูมิ,18.791052,98.978349,2026-09-23,1,https://nanobotco.github.io/field/photos/2026-09-23/ride-20260923-place-cm-curated-bake-a-seat.jpg,https://motdang.net/cm/p/bake-a-seat-cmcuratedbakeaseat.html
cm-curated-bankhru-samunprai-suan-dok-branch,added,บ้านครูสมุนไพร สาขาสวนดอก,"Bankhru Samunprai, Suan Dok branch",cm,เมืองเชียงใหม่,ศรีภูมิ,18.789668,98.978805,2026-09-23,1,https://nanobotco.github.io/field/photos/2026-09-23/ride-20260923-place-cm-curated-bankhru-samunprai-suan-dok-branch.jpg,https://motdang.net/cm/p/bankhru-samunprai-suan-dok-branch-cmcuratedbankhrusamunpraisuandokbranch.html
cm-curated-chaeohon-phayao,added,แจ่วฮ้อน พะเยา,,cm,เมืองเชียงใหม่,ท่าศาลา,18.771778,99.04127,2026-09-23,1,,https://motdang.net/cm/p/cmcuratedchaeohonphayao.html
cm-curated-chiang-mai-laminet,added,เชียงใหม่ลามิเนต,,cm,เมืองเชียงใหม่,ท่าศาลา,18.777045,99.042415,2026-09-23,1,,https://motdang.net/cm/p/cmcuratedchiangmailaminet.html
cm-curated-cotto-life,added,COTTO Life,COTTO Life,cm,เมืองเชียงใหม่,,18.774681,98.976408,2026-09-23,1,,https://motdang.net/cm/p/cotto-life-cmcuratedcottolife.html
cm-curated-heng-leasing,added,เฮงลิสซิ่ง,Heng Leasing,cm,เมืองเชียงใหม่,หนองหอย,18.759056,98.998569,2026-09-23,1,https://nanobotco.github.io/field/photos/2026-09-23/ride-20260923-place-cm-curated-heng-leasing.jpg,https://motdang.net/cm/p/heng-leasing-cmcuratedhengleasing.html
cm-curated-home-16567,confirmed,ส.อลูมิเนียม,,cm,เมืองเชียงใหม่,ท่าศาลา,18.7652168,99.0397042,2026-09-23,1,https://nanobotco.github.io/field/photos/2026-09-23/ride-20260923-place-cm-curated-home-16567.jpg,https://motdang.net/cm/p/16567.html
cm-curated-jackie-fitness,added,บริษัท แจ๊กกี้ ฟิทเนส จำกัด,Jackie Fitness,cm,เมืองเชียงใหม่,หนองหอย,18.759215,99.014415,2026-09-23,1,https://nanobotco.github.io/field/photos/2026-09-23/ride-20260923-place-cm-curated-jackie-fitness.jpg,https://motdang.net/cm/p/jackie-fitness-cmcuratedjackiefitness.html
cm-curated-jeune-hostel-at-phra-singh,added,Jeune Hostel at Phra Singh,Jeune Hostel at Phra Singh,cm,เมืองเชียงใหม่,ศรีภูมิ,18.789638,98.979343,2026-09-23,1,https://nanobotco.github.io/field/photos/2026-09-23/ride-20260923-place-cm-curated-jeune-hostel-at-phra-singh.jpg,https://motdang.net/cm/p/jeune-hostel-at-phra-singh-cmcuratedjeunehostelatphrasingh.html
cm-curated-kari-phap-chaokao,added,กะหรี่พัฟ เจ้าเก่า,,cm,เมืองเชียงใหม่,ศรีภูมิ,18.789675,98.978684,2026-09-23,1,https://nanobotco.github.io/field/photos/2026-09-23/ride-20260923-place-cm-curated-kari-phap-chaokao.jpg,https://motdang.net/cm/p/cmcuratedkariphapchaokao.html
cm-curated-khlangsinkha-loetwasin,added,คลังสินค้าเลิศวสิน,,cm,เมืองเชียงใหม่,หนองป่าครั่ง,18.786085,99.041549,2026-09-23,1,https://nanobotco.github.io/field/photos/2026-09-23/ride-20260923-place-cm-curated-khlangsinkha-loetwasin.jpg,https://motdang.net/cm/p/cmcuratedkhlangsinkhaloetwasin.html
cm-curated-kumuang-properties,added,บริษัท คูเมือง พร็อพเพอร์ตี้ส์ จำกัด,Kumuang Properties,cm,เมืองเชียงใหม่,ศรีภูมิ,18.789598,98.979973,2026-09-23,1,https://nanobotco.github.io/field/photos/2026-09-23/ride-20260923-place-cm-curated-kumuang-properties.jpg,https://motdang.net/cm/p/kumuang-properties-cmcuratedkumuangproperties.html
cm-curated-linda-eye-clinic,added,Linda Eye Clinic,Linda Eye Clinic,cm,เมืองเชียงใหม่,,18.779369,98.977109,2026-09-23,1,,https://motdang.net/cm/p/linda-eye-clinic-cmcuratedlindaeyeclinic.html
cm-curated-matrix-honda-automobile,added,บริษัท แมทริกซ์ ฮอนด้า ออโตโมบิล จำกัด,Matrix Honda Automobile,cm,เมืองเชียงใหม่,หนองป่าครั่ง,18.784218,99.041899,2026-09-23,1,https://nanobotco.github.io/field/photos/2026-09-23/ride-20260923-place-cm-curated-matrix-honda-automobile.jpg,https://motdang.net/cm/p/matrix-honda-automobile-cmcuratedmatrixhondaautomobile.html
cm-curated-naronghipsop,added,ณรงค์หีบศพ,,cm,เมืองเชียงใหม่,ศรีภูมิ,18.791052,98.978349,2026-09-23,1,,https://motdang.net/cm/p/cmcuratednaronghipsop.html
cm-curated-p-p-car-care,added,พี.พี. คาร์แคร์,P.P. Car Care,cm,เมืองเชียงใหม่,ศรีภูมิ,18.790219,98.982358,2026-09-23,1,https://nanobotco.github.io/field/photos/2026-09-23/ride-20260923-place-cm-curated-p-p-car-care.jpg,https://motdang.net/cm/p/p-p-car-care-cmcuratedppcarcare.html
cm-curated-paper-5487,confirmed,เจ.พี. โฆษณา,,cm,เมืองเชียงใหม่,ท่าศาลา,18.773217,99.04179,2026-09-23,1,,https://motdang.net/cm/p/5487.html
cm-curated-praisani-samyaek-suan-prung,added,ไปรษณีย์ สามแยกสวนปรุง,,cm,เมืองเชียงใหม่,,18.78005,98.97721,2026-09-23,1,https://nanobotco.github.io/field/photos/2026-09-23/ride-20260923-place-cm-curated-praisani-samyaek-suan-prung.jpg,https://motdang.net/cm/p/cmcuratedpraisanisamyaeksuanprung.html
cm-curated-professional-26928,confirmed,สิทธิทนายความ,,cm,เมืองเชียงใหม่,ท่าศาลา,18.7670702,99.0396237,2026-09-23,1,https://nanobotco.github.io/field/photos/2026-09-23/ride-20260923-place-cm-curated-professional-26928.jpg,https://motdang.net/cm/p/26928.html
cm-curated-regional-postal-bureau-5,added,สำนักงานไปรษณีย์เขต 5,Regional Postal Bureau 5,cm,เมืองเชียงใหม่,,18.78005,98.97721,2026-09-23,1,https://nanobotco.github.io/field/photos/2026-09-23/ride-20260923-place-cm-curated-regional-postal-bureau-5.jpg,https://motdang.net/cm/p/regional-postal-bureau-5-5.html
cm-curated-ricoh-services,added,บริษัท ริโก้ เซอร์วิสเซส (ประเทศไทย) จำกัด,Ricoh Services (Thailand),cm,เมืองเชียงใหม่,,18.767813,98.981901,2026-09-23,1,https://nanobotco.github.io/field/photos/2026-09-23/ride-20260923-place-cm-curated-ricoh-services.jpg,https://motdang.net/cm/p/ricoh-services-thailand-cmcuratedricohservices.html
cm-curated-sayamchai,added,สยามชัย,,cm,เมืองเชียงใหม่,,18.777501,98.976806,2026-09-23,1,https://nanobotco.github.io/field/photos/2026-09-23/ride-20260923-place-cm-curated-sayamchai.jpg,https://motdang.net/cm/p/cmcuratedsayamchai.html
cm-curated-silkspan,added,Silkspan,Silkspan,cm,เมืองเชียงใหม่,ป่าแดด,18.76091,98.996331,2026-09-23,1,,https://motdang.net/cm/p/silkspan-cmcuratedsilkspan.html
cm-curated-srisawad,added,ศรีสวัสดิ์,Srisawad,cm,เมืองเชียงใหม่,ป่าแดด,18.762873,98.993926,2026-09-23,1,https://nanobotco.github.io/field/photos/2026-09-23/ride-20260923-place-cm-curated-srisawad.jpg,https://motdang.net/cm/p/srisawad-cmcuratedsrisawad.html
cm-curated-srisawad-buak-khrok-luang-branch,added,ศรีสวัสดิ์ สาขาบวกครกหลวง,"Srisawad, Buak Khrok Luang branch",cm,เมืองเชียงใหม่,ท่าศาลา,18.775818,99.04233,2026-09-23,1,,https://motdang.net/cm/p/srisawad-buak-khrok-luang-branch-cmcuratedsrisawadbuakkhrokluangbranch.html
cm-curated-sv-pharmacy,added,SV Pharmacy,SV Pharmacy,cm,เมืองเชียงใหม่,ศรีภูมิ,18.790617,98.978363,2026-09-23,1,https://nanobotco.github.io/field/photos/2026-09-23/ride-20260923-place-cm-curated-sv-pharmacy.jpg,https://motdang.net/cm/p/sv-pharmacy-cmcuratedsvpharmacy.html
cm-curated-sweet-taro,added,หวานเผือก,Sweet Taro,cm,เมืองเชียงใหม่,ศรีภูมิ,18.789675,98.978684,2026-09-23,1,https://nanobotco.github.io/field/photos/2026-09-23/ride-20260923-place-cm-curated-sweet-taro.jpg,https://motdang.net/cm/p/sweet-taro-cmcuratedsweettaro.html
cm-curated-thueng-laeo,added,ถึงแล้ว,,cm,เมืองเชียงใหม่,ท่าศาลา,18.769746,99.040721,2026-09-23,1,,https://motdang.net/cm/p/cmcuratedthuenglaeo.html
cm-curated-top-property,added,Top Property,Top Property,cm,เมืองเชียงใหม่,ศรีภูมิ,18.789589,98.98007,2026-09-23,1,https://nanobotco.github.io/field/photos/2026-09-23/ride-20260923-place-cm-curated-top-property.jpg,https://motdang.net/cm/p/top-property-cmcuratedtopproperty.html
cm-curated-vet-14792,confirmed,การุณ สัตวแพทย์,,cm,เมืองเชียงใหม่,ท่าศาลา,18.7780454,99.0420797,2026-09-23,1,,https://motdang.net/cm/p/14792.html
cm-curated-yuri-thai-massage,added,Yuri Thai Massage,Yuri Thai Massage,cm,เมืองเชียงใหม่,ศรีภูมิ,18.789654,98.97904,2026-09-23,1,,https://motdang.net/cm/p/yuri-thai-massage-cmcuratedyurithaimassage.html
cm-osm-node-10801495606,confirmed,GYMkruoor,,cm,เมืองเชียงใหม่,ศรีภูมิ,18.7934069,98.9826081,2026-09-23,1,,https://motdang.net/cm/p/gymkruoor-10801495606.html
cm-osm-node-11227905206,confirmed,Bed in Town,Bed in Town,cm,เมืองเชียงใหม่,ศรีภูมิ,18.7894625,98.9801328,2026-09-23,1,https://nanobotco.github.io/field/photos/2026-09-23/ride-20260923-place-cm-osm-node-11227905206.jpg,https://motdang.net/cm/p/bed-in-town-11227905206.html
cm-osm-node-11515426705,confirmed,Warp Tattoo,,cm,เมืองเชียงใหม่,ศรีภูมิ,18.7924277,98.9821748,2026-09-23,1,https://nanobotco.github.io/field/photos/2026-09-23/ride-20260923-place-cm-osm-node-11515426705.jpg,https://motdang.net/cm/p/warp-tattoo-11515426705.html
cm-osm-node-1618122063,confirmed,7-Eleven,7-Eleven,cm,เมืองเชียงใหม่,ศรีภูมิ,18.7919419,98.9819543,2026-09-23,1,,https://motdang.net/cm/p/7-eleven-1618122063.html
cm-osm-node-2342018523,confirmed,7-Eleven,7-Eleven,cm,เมืองเชียงใหม่,ท่าศาลา,18.7682474,99.0404216,2026-09-23,1,https://nanobotco.github.io/field/photos/2026-09-23/ride-20260923-place-cm-osm-node-2342018523.jpg,https://motdang.net/cm/p/7-eleven-2342018523.html
cm-osm-node-2466325290,confirmed,7-Eleven,7-Eleven,cm,เมืองเชียงใหม่,ศรีภูมิ,18.7898363,98.9784463,2026-09-23,1,,https://motdang.net/cm/p/7-eleven-2466325290.html
cm-osm-node-2469653312,confirmed,แก้วปลาสด,Pla Pow Pak Sod,cm,เมืองเชียงใหม่,หนองหอย,18.7592469,99.0152222,2026-09-23,1,,https://motdang.net/cm/p/pla-pow-pak-sod-2469653312.html
cm-osm-node-3067759753,confirmed,แดงกลอนประตู,Daeng Klon Pratu,cm,เมืองเชียงใหม่,ป่าแดด,18.7673424,98.9821527,2026-09-23,1,,https://motdang.net/cm/p/daeng-klon-pratu-3067759753.html
cm-osm-node-3385510725,confirmed,นุชนรี,,cm,เมืองเชียงใหม่,ศรีภูมิ,18.789551,98.979767,2026-09-23,1,,https://motdang.net/cm/p/3385510725.html
cm-osm-node-5859346225,confirmed,เสริมสวย อารีย์,Ari,cm,เมืองเชียงใหม่,ศรีภูมิ,18.7895474,98.9798433,2026-09-23,1,,https://motdang.net/cm/p/ari-5859346225.html
cm-osm-node-6138692197,confirmed,De Charme Hotel,,cm,เมืองเชียงใหม่,ศรีภูมิ,18.790685,98.9824711,2026-09-23,1,,https://motdang.net/cm/p/de-charme-hotel-6138692197.html
cm-osm-node-6538035004,confirmed,คู่อร่อย,,cm,เมืองเชียงใหม่,ศรีภูมิ,18.7895609,98.9796864,2026-09-23,1,,https://motdang.net/cm/p/6538035004.html
cm-osm-node-6597502156,confirmed,อ้อมเมือง เภสัช,Om Mueang Pharmacy,cm,เมืองเชียงใหม่,ท่าศาลา,18.7638613,99.0264413,2026-09-23,1,https://nanobotco.github.io/field/photos/2026-09-23/ride-20260923-place-cm-osm-node-6597502156.jpg,https://motdang.net/cm/p/om-mueang-pharmacy-6597502156.html
cm-osm-node-7027943294,confirmed,Women’s massage,,cm,เมืองเชียงใหม่,ศรีภูมิ,18.7910409,98.9822778,2026-09-23,1,https://nanobotco.github.io/field/photos/2026-09-23/ride-20260923-place-cm-osm-node-7027943294.jpg,https://motdang.net/cm/p/women-s-massage-7027943294.html
cm-osm-node-7027943486,confirmed,Hug Smoothie,,cm,เมืองเชียงใหม่,ศรีภูมิ,18.790076,98.9823548,2026-09-23,1,,https://motdang.net/cm/p/hug-smoothie-7027943486.html
cm-osm-node-8690712209,confirmed,สี่ พี่น้อง,4 Phinong,cm,เมืองเชียงใหม่,ท่าศาลา,18.7683368,99.0404472,2026-09-23,1,,https://motdang.net/cm/p/4-phinong-8690712209.html
cm-osm-node-9784520720,confirmed,barber,,cm,เมืองเชียงใหม่,ศรีภูมิ,18.7914212,98.982002,2026-09-23,1,https://nanobotco.github.io/field/photos/2026-09-23/ride-20260923-place-cm-osm-node-9784520720.jpg,https://motdang.net/cm/p/barber-9784520720.html
cm-osm-way-208674913,confirmed,บางจาก,Bangchak,cm,เมืองเชียงใหม่,สุเทพ,18.7770147,98.9764946,2026-09-23,1,https://nanobotco.github.io/field/photos/2026-09-23/ride-20260923-place-cm-osm-way-208674913.jpg,https://motdang.net/cm/p/bangchak-208674913.html
cm-osm-way-242929434,confirmed,วัดผาบ่อง,Wat Pha Bong,cm,เมืองเชียงใหม่,ศรีภูมิ,18.789756,98.9820639,2026-09-23,1,,https://motdang.net/cm/p/wat-pha-bong-242929434.html
cm-osm-way-249376159,confirmed,GranDent Dental Clinic,GranDent Dental Clinic,cm,เมืองเชียงใหม่,,18.7738769,98.9765699,2026-09-23,1,https://nanobotco.github.io/field/photos/2026-09-23/ride-20260923-place-cm-osm-way-249376159.jpg,https://motdang.net/cm/p/grandent-dental-clinic-249376159.html
cm-osm-way-283054964,confirmed,Caltex,,cm,เมืองเชียงใหม่,หนองหอย,18.759793,99.0149276,2026-09-23,1,,https://motdang.net/cm/p/caltex-283054964.html
cm-osm-way-301655694,confirmed,เจียง ลูกชิ้นปลา,Chiang Lukchin Pla,cm,เมืองเชียงใหม่,ศรีภูมิ,18.7902748,98.9786009,2026-09-23,1,,https://motdang.net/cm/p/chiang-lukchin-pla-301655694.html
cm-osm-way-406992974,confirmed,วัดดับภัย,Wat Dubphai,cm,เมืองเชียงใหม่,ศรีภูมิ,18.7928275,98.9814897,2026-09-23,1,,https://motdang.net/cm/p/wat-dubphai-406992974.html
cm-osm-way-537852249,confirmed,บางจาก,Bangchak,cm,เมืองเชียงใหม่,หนองหอย,18.761785,99.0226851,2026-09-23,1,https://nanobotco.github.io/field/photos/2026-09-23/ride-20260923-place-cm-osm-way-537852249.jpg,https://motdang.net/cm/p/bangchak-537852249.html
cm-osm-way-544114219,confirmed,7-Eleven,,cm,เมืองเชียงใหม่,หนองหอย,18.7591944,99.0120205,2026-09-23,1,,https://motdang.net/cm/p/7-eleven-544114219.html
cm-osm-way-585950762,confirmed,แก๊สรถยนต์,Kaet Rotyon,cm,เมืองเชียงใหม่,หนองหอย,18.7588088,98.999373,2026-09-23,1,https://nanobotco.github.io/field/photos/2026-09-23/ride-20260923-place-cm-osm-way-585950762.jpg,https://motdang.net/cm/p/kaet-rotyon-585950762.html
cm-osm-way-623152998,confirmed,บ้านอารักษ์,Baan Arak,cm,เมืองเชียงใหม่,ศรีภูมิ,18.7894436,98.9786849,2026-09-23,1,,https://motdang.net/cm/p/baan-arak-623152998.html
cm-ovt-0453959d-4a5b-4195-89c3-ed4316b9be07,confirmed,ชัชวาลย์อีเลคทรอนิคส์ เชียงใหม่,,cm,เมืองเชียงใหม่,ศรีภูมิ,18.789570808410645,98.97906494140625,2026-09-23,1,https://nanobotco.github.io/field/photos/2026-09-23/ride-20260923-place-cm-ovt-0453959d-4a5b-4195-89c3-ed4316b9be07.jpg,https://motdang.net/cm/p/04539594541958934316907.html
cm-ovt-0d2df384-9fed-4487-a500-7412c1fa96e0,confirmed,พีจีเอแบตเตอรี่,,cm,เมืองเชียงใหม่,ท่าศาลา,18.775010108947754,99.04222869873047,2026-09-23,1,https://nanobotco.github.io/field/photos/2026-09-23/ride-20260923-place-cm-ovt-0d2df384-9fed-4487-a500-7412c1fa96e0.jpg,https://motdang.net/cm/p/023849448750074121960.html
cm-ovt-101e85b2-9b8c-4be3-8119-c3621efa8541,confirmed,บ้านเอื้ออาทร,,cm,เมืองเชียงใหม่,หนองหอย,18.759037971496582,99.01175689697266,2026-09-23,1,,https://motdang.net/cm/p/1018529843811936218541.html
cm-ovt-11081868-03a2-47d3-ba3d-e3e92f29a335,confirmed,Mass Coffee,Mass Coffee,cm,เมืองเชียงใหม่,สุเทพ,18.776144981384277,98.9764404296875,2026-09-23,1,,https://motdang.net/cm/p/mass-coffee-11081868032473339229335.html
cm-ovt-15a17430-8f50-4f4f-8fb0-18692b9885ff,confirmed,ระเบียบพานิช,,cm,เมืองเชียงใหม่,หนองหอย,18.756857872009277,99.0024185180664,2026-09-23,1,,https://motdang.net/cm/p/15174308504480186929885.html
cm-ovt-222d5b22-f86a-4c2b-b5af-5408072e331e,confirmed,เค พาร์ค,,cm,เมืองเชียงใหม่,หนองหอย,18.756949424743652,99.00094604492188,2026-09-23,1,,https://motdang.net/cm/p/222522864255408072331.html
cm-ovt-26c7594c-c0e7-46e5-85af-8c5d26b86627,confirmed,Lanna Lab,Lanna Lab,cm,เมืองเชียงใหม่,ป่าแดด,18.76338768005371,98.9926986694336,2026-09-23,1,,https://motdang.net/cm/p/lanna-lab-2675940746585852686627.html
cm-ovt-2d810a2f-ef43-4ad3-9347-3dba8f0ad47b,confirmed,Best Look Optic,Best Look Optic,cm,เมืองเชียงใหม่,หนองหอย,18.7568941116333,99.00310516357422,2026-09-23,1,,https://motdang.net/cm/p/best-look-optic-281024343934738047.html
cm-ovt-32ca7d8b-1ff4-4c5c-b881-0e2df6db1496,confirmed,C.I Tower,C.I Tower,cm,เมืองเชียงใหม่,สุเทพ,18.7808895111084,98.97709655761719,2026-09-23,1,https://nanobotco.github.io/field/photos/2026-09-23/ride-20260923-place-cm-ovt-32ca7d8b-1ff4-4c5c-b881-0e2df6db1496.jpg,https://motdang.net/cm/p/c-i-tower-327814458810261496.html
cm-ovt-4418bba0-5f7a-487c-8981-ea43fe90f442,confirmed,สหกรณ์การเกษตรเมืองเชียงใหม่ จำกัด,,cm,เมืองเชียงใหม่,สุเทพ,18.77639675140381,98.9765625,2026-09-23,1,https://nanobotco.github.io/field/photos/2026-09-23/ride-20260923-place-cm-ovt-4418bba0-5f7a-487c-8981-ea43fe90f442.jpg,https://motdang.net/cm/p/441805748789814390442.html
cm-ovt-47aa87b0-2159-4686-94f7-686bd683fb9a,confirmed,ไพบูลย์ ดอกไม้แห้ง,,cm,เมืองเชียงใหม่,ท่าศาลา,18.772530555725098,99.04159545898438,2026-09-23,1,https://nanobotco.github.io/field/photos/2026-09-23/ride-20260923-place-cm-ovt-47aa87b0-2159-4686-94f7-686bd683fb9a.jpg,https://motdang.net/cm/p/47870215946869476866839.html
cm-ovt-5043732e-f0c1-4068-8a4d-b7017519ff9a,confirmed,K-Perfect Nails & Spa - Singharat,K-Perfect Nails & Spa - Singharat,cm,เมืองเชียงใหม่,ศรีภูมิ,18.79188060760498,98.98200225830078,2026-09-23,1,https://nanobotco.github.io/field/photos/2026-09-23/ride-20260923-place-cm-ovt-5043732e-f0c1-4068-8a4d-b7017519ff9a.jpg,https://motdang.net/cm/p/k-perfect-nails-spa-singharat-50437320140688470175199.html
cm-ovt-662af26f-073d-4107-b58a-ffc206f5a8b8,confirmed,เจเจ.ออโต้ไทร์,,cm,เมืองเชียงใหม่,ท่าศาลา,18.776338577270508,99.04220581054688,2026-09-23,1,,https://motdang.net/cm/p/66226073410758206588.html
cm-ovt-7979a4d0-5ed4-46bf-84a0-7dae22b30f1d,confirmed,Siri Lanna Massage1,Siri Lanna Massage1,cm,เมืองเชียงใหม่,ศรีภูมิ,18.791563987731934,98.98223114013672,2026-09-23,1,https://nanobotco.github.io/field/photos/2026-09-23/ride-20260923-place-cm-ovt-7979a4d0-5ed4-46bf-84a0-7dae22b30f1d.jpg,https://motdang.net/cm/p/siri-lanna-massage1-7979405446840722301.html
cm-ovt-81a0b56e-e346-4cf7-8d56-1285ce6ee8c2,confirmed,Toyota Sure Chiang Mai,Toyota Sure Chiang Mai,cm,เมืองเชียงใหม่,,18.773056030273438,98.9764633178711,2026-09-23,1,https://nanobotco.github.io/field/photos/2026-09-23/ride-20260923-place-cm-ovt-81a0b56e-e346-4cf7-8d56-1285ce6ee8c2.jpg,https://motdang.net/cm/p/toyota-sure-chiang-mai-81056346478561285682.html
cm-ovt-8735b55d-9edd-4a24-bae7-3aa1c7ae3a57,confirmed,ครูพายุ สอนว่ายน้ำ,,cm,เมืองเชียงใหม่,ศรีภูมิ,18.793232917785645,98.98247528076172,2026-09-23,1,,https://motdang.net/cm/p/87355594247317357.html
cm-ovt-8de02d4a-e9a4-4c36-90d3-f37ac8a80d79,confirmed,โรงเรียนอภัยอริยศึกษา,,cm,เมืองเชียงใหม่,ศรีภูมิ,18.79298210144043,98.9817123413086,2026-09-23,1,,https://motdang.net/cm/p/8024944369033788079.html
cm-ovt-95158348-0989-4bbe-8df7-4312ca9d87ca,confirmed,ข้าวหมูทอด ตั้ง ตัว ฮะ,,cm,เมืองเชียงใหม่,ท่าศาลา,18.767457008361816,99.03982543945312,2026-09-23,1,,https://motdang.net/cm/p/9515834809894874312987.html
cm-ovt-9950505e-cb51-466f-89df-eae255112d80,confirmed,Finnix Film,Finnix Film,cm,เมืองเชียงใหม่,ป่าแดด,18.767762184143066,98.98050689697266,2026-09-23,1,https://nanobotco.github.io/field/photos/2026-09-23/ride-20260923-place-cm-ovt-9950505e-cb51-466f-89df-eae255112d80.jpg,https://motdang.net/cm/p/finnix-film-9950505514668925511280.html
cm-ovt-a7f179b0-ce4e-4b7d-9b7c-838e40c4bed6,confirmed,The Spacebar,The Spacebar,cm,เมืองเชียงใหม่,สุเทพ,18.775792121887207,98.97647094726562,2026-09-23,1,https://nanobotco.github.io/field/photos/2026-09-23/ride-20260923-place-cm-ovt-a7f179b0-ce4e-4b7d-9b7c-838e40c4bed6.jpg,https://motdang.net/cm/p/the-spacebar-71790447978384046.html
cm-ovt-a86be3f0-3a59-4ae7-83c9-b1b19a2a32d2,confirmed,สิงหราช เภสัช,,cm,เมืองเชียงใหม่,ศรีภูมิ,18.791029930114746,98.98235321044922,2026-09-23,1,https://nanobotco.github.io/field/photos/2026-09-23/ride-20260923-place-cm-ovt-a86be3f0-3a59-4ae7-83c9-b1b19a2a32d2.jpg,https://motdang.net/cm/p/8630359478391192322.html
cm-ovt-a994bd50-cf13-4313-9dda-33a95a4c36ff,confirmed,Chiangmai Muay Thai Gym,Chiangmai Muay Thai Gym,cm,เมืองเชียงใหม่,ศรีภูมิ,18.79315185546875,98.98247528076172,2026-09-23,1,https://nanobotco.github.io/field/photos/2026-09-23/ride-20260923-place-cm-ovt-a994bd50-cf13-4313-9dda-33a95a4c36ff.jpg,https://motdang.net/cm/p/chiangmai-muay-thai-gym-9945013431393395436.html
cm-ovt-beccea3a-4257-423b-a52a-0cf4646a8ded,confirmed,Ping Audio Shop,Ping Audio Shop,cm,เมืองเชียงใหม่,หนองป่าครั่ง,18.78535747528076,99.04145050048828,2026-09-23,1,,https://motdang.net/cm/p/ping-audio-shop-3425742352046468.html
cm-ovt-c21fc7cf-6d2f-4a38-8b22-e6d4eb0e5019,confirmed,Risa Thai Massage,Risa Thai Massage,cm,เมืองเชียงใหม่,ศรีภูมิ,18.792908668518066,98.98207092285156,2026-09-23,1,https://nanobotco.github.io/field/photos/2026-09-23/ride-20260923-place-cm-ovt-c21fc7cf-6d2f-4a38-8b22-e6d4eb0e5019.jpg,https://motdang.net/cm/p/risa-thai-massage-217624388226405019.html
cm-ovt-ce360a66-30b9-498e-8712-30205f774809,confirmed,เชียงใหม่โลหะภัณฑ์,,cm,เมืองเชียงใหม่,ป่าแดด,18.761707305908203,98.99562072753906,2026-09-23,1,https://nanobotco.github.io/field/photos/2026-09-23/ride-20260923-place-cm-ovt-ce360a66-30b9-498e-8712-30205f774809.jpg,https://motdang.net/cm/p/36066309498871230205774809.html
cm-ovt-d0537261-825d-4947-ae3f-c7b023152430,confirmed,Block and Play Cafe,Block and Play Cafe,cm,เมืองเชียงใหม่,ท่าศาลา,18.763179779052734,99.0256576538086,2026-09-23,1,https://nanobotco.github.io/field/photos/2026-09-23/ride-20260923-place-cm-ovt-d0537261-825d-4947-ae3f-c7b023152430.jpg,https://motdang.net/cm/p/block-and-play-cafe-0537261825494737023152430.html
cm-ovt-d750a232-0c69-475c-9990-341b5c8a3473,confirmed,Greather Coffee,Greather Coffee,cm,เมืองเชียงใหม่,ศรีภูมิ,18.78954029083252,98.97940063476562,2026-09-23,1,https://nanobotco.github.io/field/photos/2026-09-23/ride-20260923-place-cm-ovt-d750a232-0c69-475c-9990-341b5c8a3473.jpg,https://motdang.net/cm/p/greather-coffee-7502320694759990341583473.html
cm-ovt-f921a92a-8eaf-48cd-9faa-ecb7b0ab59ca,confirmed,มาลี ก๋วยเตี๋ยวต้มยำสุโขทัย,,cm,เมืองเชียงใหม่,ท่าศาลา,18.767605781555176,99.03990936279297,2026-09-23,1,,https://motdang.net/cm/p/9219284897059.html
cr-curated-amaze-central-chiangrai,added,AMAZE,AMAZE,cr,เมืองเชียงราย,รอบเวียง,19.886284,99.8330265,2026-09-18,1,https://nanobotco.github.io/field/photos/2026-09-18/field-20260917-cr-curated-amaze-central-chiangrai.jpg,https://motdang.net/cr/p/amaze-crcuratedamazecentralchiangrai.html
cr-curated-anello-central-chiangrai,added,anello,anello,cr,เมืองเชียงราย,รอบเวียง,19.886284,99.8330265,2026-09-18,1,,https://motdang.net/cr/p/anello-crcuratedanellocentralchiangrai.html
cr-curated-auntie-annes-central-chiangrai,added,Auntie Anne's,Auntie Anne's,cr,เมืองเชียงราย,รอบเวียง,19.886284,99.8330265,2026-09-18,1,https://nanobotco.github.io/field/photos/2026-09-18/field-20260917-cr-curated-auntie-annes-central-chiangrai.jpg,https://motdang.net/cr/p/auntie-anne-s-crcuratedauntieannescentralchiangrai.html
cr-curated-bonchon-central-chiangrai,added,Bonchon,Bonchon,cr,เมืองเชียงราย,รอบเวียง,19.886284,99.8330265,2026-09-18,1,,https://motdang.net/cr/p/bonchon-crcuratedbonchoncentralchiangrai.html
cr-curated-chob-cha-central-chiangrai,added,CHOB CHA,CHOB CHA,cr,เมืองเชียงราย,รอบเวียง,19.886284,99.8330265,2026-09-18,1,https://nanobotco.github.io/field/photos/2026-09-18/field-20260917-cr-curated-chob-cha-central-chiangrai.jpg,https://motdang.net/cr/p/chob-cha-crcuratedchobchacentralchiangrai.html
cr-curated-clinic-thantakrarom-urai-wan-thantaphaet,added,คลินิกทันตกรรม อุไรวรรณทันตแพทย์,,cr,เมืองเชียงราย,เวียง,19.9093,99.8292,2026-09-18,1,,https://motdang.net/cr/p/crcuratedclinicthantakraromuraiwanthantaphaet.html
cr-curated-clock-tower,confirmed,หอนาฬิกาเฉลิมพระเกียรติฯ เชียงราย,Chiang Rai Clock Tower,cr,เมืองเชียงราย,เวียง,19.9074,99.8309,2026-09-18,1,https://nanobotco.github.io/field/photos/2026-09-18/field-20260918-gs010199-t0080-v135.jpg,https://motdang.net/cr/p/chiang-rai-clock-tower-crcuratedclocktower.html
cr-curated-crocs-central-chiangrai,added,crocs,crocs,cr,เมืองเชียงราย,รอบเวียง,19.886284,99.8330265,2026-09-18,1,,https://motdang.net/cr/p/crocs-crcuratedcrocscentralchiangrai.html
cr-curated-cute-press-central-chiangrai,added,cute press,cute press,cr,เมืองเชียงราย,รอบเวียง,19.886284,99.8330265,2026-09-18,1,,https://motdang.net/cr/p/cute-press-crcuratedcutepresscentralchiangrai.html
cr-curated-daiso-central-chiangrai,added,DAISO,DAISO,cr,เมืองเชียงราย,รอบเวียง,19.886284,99.8330265,2026-09-18,1,,https://motdang.net/cr/p/daiso-crcurateddaisocentralchiangrai.html
cr-curated-de-beers-forevermark-central-chiangrai,added,DE BEERS FOREVERMARK,DE BEERS FOREVERMARK,cr,เมืองเชียงราย,รอบเวียง,19.886284,99.8330265,2026-09-18,1,,https://motdang.net/cr/p/de-beers-forevermark-crcurateddebeersforevermarkcentralchiangrai.html
cr-curated-dilavie-central-chiangrai,added,dilavie,dilavie,cr,เมืองเชียงราย,รอบเวียง,19.886284,99.8330265,2026-09-18,1,,https://motdang.net/cr/p/dilavie-crcurateddilaviecentralchiangrai.html
cr-curated-dtac-hall-central-chiangrai,added,dtac hall,dtac hall,cr,เมืองเชียงราย,รอบเวียง,19.886284,99.8330265,2026-09-18,1,,https://motdang.net/cr/p/dtac-hall-crcurateddtachallcentralchiangrai.html
cr-curated-faechan-faep-rik,added,แฟชั่นแฟบริค,,cr,เมืองเชียงราย,เวียง,19.9093,99.8292,2026-09-18,1,,https://motdang.net/cr/p/crcuratedfaechanfaeprik.html
cr-curated-fotobooth-central-chiangrai,added,FOTOBOOTH,FOTOBOOTH,cr,เมืองเชียงราย,รอบเวียง,19.886284,99.8330265,2026-09-18,1,,https://motdang.net/cr/p/fotobooth-crcuratedfotoboothcentralchiangrai.html
cr-curated-giordano-central-chiangrai,added,GIORDANO,GIORDANO,cr,เมืองเชียงราย,รอบเวียง,19.886284,99.8330265,2026-09-18,1,,https://motdang.net/cr/p/giordano-crcuratedgiordanocentralchiangrai.html
cr-curated-hangthong-yaowarat-khatnga,added,ห้างทองเยาวราชค้าส่ง,,cr,เมืองเชียงราย,เวียง,19.9093,99.8292,2026-09-18,1,,https://motdang.net/cr/p/crcuratedhangthongyaowaratkhatnga.html
cr-curated-honor-central-chiangrai,added,HONOR,HONOR,cr,เมืองเชียงราย,รอบเวียง,19.886284,99.8330265,2026-09-18,1,,https://motdang.net/cr/p/honor-crcuratedhonorcentralchiangrai.html
cr-curated-hot-spring-halal-food,added,HOT SPRING HALAL FOOD,HOT SPRING HALAL FOOD,cr,เวียงป่าเป้า,แม่เจดีย์ใหม่,19.115,99.462,2026-09-18,1,https://nanobotco.github.io/field/photos/2026-09-18/field-20260917-cr-curated-hot-spring-halal-food.jpg,https://motdang.net/cr/p/hot-spring-halal-food-crcuratedhotspringhalalfood.html
cr-curated-istudio-central-chiangrai,added,iStudio,iStudio,cr,เมืองเชียงราย,รอบเวียง,19.886284,99.8330265,2026-09-18,1,,https://motdang.net/cr/p/istudio-crcuratedistudiocentralchiangrai.html
cr-curated-it-city-central-chiangrai,added,IT CITY,IT CITY,cr,เมืองเชียงราย,รอบเวียง,19.886284,99.8330265,2026-09-18,1,,https://motdang.net/cr/p/it-city-crcurateditcitycentralchiangrai.html
cr-curated-ku-phai-saeng-kaew-phothiyan,added,กู้ภัยแสงแก้วโพธิญาณ,,cr,แม่สรวย,เจดีย์หลวง,19.6028470993042,99.52671813964844,2026-09-18,1,,https://motdang.net/cr/p/crcuratedkuphaisaengkaewphothiyan.html
cr-curated-laksami,added,ลักษมี,,cr,เมืองเชียงราย,เวียง,19.9093,99.8292,2026-09-18,1,https://nanobotco.github.io/field/photos/2026-09-18/field-20260918-cr-curated-laksami.jpg,https://motdang.net/cr/p/crcuratedlaksami.html
cr-curated-lemony-central-chiangrai,added,LEMONY,LEMONY,cr,เมืองเชียงราย,รอบเวียง,19.886284,99.8330265,2026-09-18,1,https://nanobotco.github.io/field/photos/2026-09-18/field-20260917-cr-curated-lemony-central-chiangrai.jpg,https://motdang.net/cr/p/lemony-crcuratedlemonycentralchiangrai.html
cr-curated-mister-donut-central-chiangrai,added,Mister Donut,Mister Donut,cr,เมืองเชียงราย,รอบเวียง,19.886284,99.8330265,2026-09-18,1,,https://motdang.net/cr/p/mister-donut-crcuratedmisterdonutcentralchiangrai.html
cr-curated-moshi-moshi-central-chiangrai,added,Moshi Moshi,Moshi Moshi,cr,เมืองเชียงราย,รอบเวียง,19.886284,99.8330265,2026-09-18,1,,https://motdang.net/cr/p/moshi-moshi-crcuratedmoshimoshicentralchiangrai.html
cr-curated-officemate-central-chiangrai,added,OfficeMate,OfficeMate,cr,เมืองเชียงราย,รอบเวียง,19.886284,99.8330265,2026-09-18,1,https://nanobotco.github.io/field/photos/2026-09-18/field-20260917-cr-curated-officemate-central-chiangrai.jpg,https://motdang.net/cr/p/officemate-crcuratedofficematecentralchiangrai.html
cr-curated-phriao,added,เพรียว,,cr,เมืองเชียงราย,เวียง,19.9093,99.8292,2026-09-18,1,https://nanobotco.github.io/field/photos/2026-09-18/field-20260918-cr-curated-phriao.jpg,https://motdang.net/cr/p/crcuratedphriao.html
cr-curated-ran-phronni-kaisot,added,ร้าน พรรณีไก่สด,,cr,เมืองเชียงราย,เวียง,19.9093,99.8292,2026-09-18,1,,https://motdang.net/cr/p/crcuratedranphronnikaisot.html
cr-curated-ran-suea-suai,added,ร้าน เสื้อสวย,,cr,เมืองเชียงราย,เวียง,19.9093,99.8292,2026-09-18,1,,https://motdang.net/cr/p/crcuratedransueasuai.html
cr-curated-sabina-central-chiangrai,added,SABINA,SABINA,cr,เมืองเชียงราย,รอบเวียง,19.886284,99.8330265,2026-09-18,1,,https://motdang.net/cr/p/sabina-crcuratedsabinacentralchiangrai.html
cr-curated-skechers-central-chiangrai,added,SKECHERS,SKECHERS,cr,เมืองเชียงราย,รอบเวียง,19.886284,99.8330265,2026-09-18,1,https://nanobotco.github.io/field/photos/2026-09-18/field-20260917-cr-curated-skechers-central-chiangrai.jpg,https://motdang.net/cr/p/skechers-crcuratedskecherscentralchiangrai.html
cr-curated-supersports-central-chiangrai,added,SUPERSPORTS,SUPERSPORTS,cr,เมืองเชียงราย,รอบเวียง,19.886284,99.8330265,2026-09-18,1,,https://motdang.net/cr/p/supersports-crcuratedsupersportscentralchiangrai.html
cr-curated-talia-central-chiangrai,added,TALIA,TALIA,cr,เมืองเชียงราย,รอบเวียง,19.886284,99.8330265,2026-09-18,1,https://nanobotco.github.io/field/photos/2026-09-18/field-20260917-cr-curated-talia-central-chiangrai.jpg,https://motdang.net/cr/p/talia-crcuratedtaliacentralchiangrai.html
cr-curated-the-face-shop-central-chiangrai,added,THE FACE SHOP,THE FACE SHOP,cr,เมืองเชียงราย,รอบเวียง,19.886284,99.8330265,2026-09-18,1,,https://motdang.net/cr/p/the-face-shop-crcuratedthefaceshopcentralchiangrai.html
cr-curated-tokuyo-central-chiangrai,added,tokuyo,tokuyo,cr,เมืองเชียงราย,รอบเวียง,19.886284,99.8330265,2026-09-18,1,,https://motdang.net/cr/p/tokuyo-crcuratedtokuyocentralchiangrai.html
cr-curated-trairat-thantaphaet,added,ไตรรัตน์ทันตแพทย์,,cr,เมืองเชียงราย,เวียง,19.9093,99.8292,2026-09-18,1,,https://motdang.net/cr/p/crcuratedtrairatthantaphaet.html
cr-curated-urthe-central-chiangrai,added,URTHE,URTHE,cr,เมืองเชียงราย,รอบเวียง,19.886284,99.8330265,2026-09-18,1,,https://motdang.net/cr/p/urthe-crcuratedurthecentralchiangrai.html
cr-curated-verra-central-chiangrai,added,Verra,Verra,cr,เมืองเชียงราย,รอบเวียง,19.886284,99.8330265,2026-09-18,1,,https://motdang.net/cr/p/verra-crcuratedverracentralchiangrai.html
cr-curated-wai-wan-yunipom,added,วัยหวาน ยูนิฟอร์ม,,cr,เมืองเชียงราย,เวียง,19.9093,99.8292,2026-09-18,1,,https://motdang.net/cr/p/crcuratedwaiwanyunipom.html
cr-osm-node-2121910374,confirmed,น้ำพุร้อนแม่ขะจาน,Hot Springs Mae Khachan,cr,เวียงป่าเป้า,แม่เจดีย์ใหม่,19.1147871,99.4621539,2026-09-18,1,https://nanobotco.github.io/field/photos/2026-09-18/field-20260917-gs010006-t0034-v135.jpg,https://motdang.net/cr/p/hot-springs-mae-khachan-2121910374.html
cr-osm-node-2138298548,confirmed,วัดห้วยส้ม,Wat Huai Som,cr,แม่สรวย,เจดีย์หลวง,19.5881388,99.4951571,2026-09-18,1,https://nanobotco.github.io/field/photos/2026-09-18/field-20260918-gsar1884-025-v-45.jpg,https://motdang.net/cr/p/wat-huai-som-2138298548.html
cr-osm-node-2138306718,confirmed,วัดป่าตึงงาม,Wat Pa Tueng Ngam,cr,แม่สรวย,เจดีย์หลวง,19.607535,99.5079309,2026-09-18,1,https://nanobotco.github.io/field/photos/2026-09-18/field-20260918-gsaq1783-090-v-45.jpg,https://motdang.net/cr/p/wat-pa-tueng-ngam-2138306718.html
cr-osm-node-2326555960,confirmed,วัดมุงเมือง,Mung Mang Temple Ruin,cr,เมืองเชียงราย,เวียง,20.2742556,100.0822309,2026-09-18,1,https://nanobotco.github.io/field/photos/2026-09-18/field-20260918-gs010460-t0026-v45.jpg,https://motdang.net/cr/p/mung-mang-temple-ruin-2326555960.html
cr-osm-node-8946977368,confirmed,พาเวอร์บาย,Power Buy,cr,เมืองเชียงราย,รอบเวียง,19.8869989,99.8346746,2026-09-18,1,https://nanobotco.github.io/field/photos/2026-09-18/field-20260917-cr-osm-node-8946977368.jpg,https://motdang.net/cr/p/power-buy-8946977368.html
cr-osm-way-1110659333,confirmed,เซ็นทรัล เชียงราย,Central Chiang Rai,cr,เมืองเชียงราย,รอบเวียง,19.886284,99.8330265,2026-09-18,1,https://nanobotco.github.io/field/photos/2026-09-18/field-20260917-gs010010-t0124-s0f1.jpg,https://motdang.net/cr/p/central-chiang-rai-1110659333.html
cr-osm-way-387050901,confirmed,ตลาดสดเทศบาล ๑,Municipal Market 1,cr,เมืองเชียงราย,เวียง,19.9094565,99.829871,2026-09-18,1,https://nanobotco.github.io/field/photos/2026-09-18/field-20260918-market-16.jpg,https://motdang.net/cr/p/municipal-market-1-387050901.html
cr-osm-way-387050904,confirmed,วัดมิ่งเมือง,Wat Ming Mueang,cr,เมืองเชียงราย,เวียง,19.9073445,99.8283359,2026-09-18,1,https://nanobotco.github.io/field/photos/2026-09-18/field-20260918-gsak0740-052-v-45.jpg,https://motdang.net/cr/p/wat-ming-mueang-387050904.html
cr-osm-way-959733189,confirmed,Knifeshift,,cr,เมืองเชียงราย,เวียง,19.9073351,99.8308501,2026-09-18,1,https://nanobotco.github.io/field/photos/2026-09-18/field-20260918-cr-osm-way-959733189.jpg,https://motdang.net/cr/p/knifeshift-959733189.html
cr-osm-way-960935005,confirmed,ข้าวมันไก่จักรพรรดิ,Chakrapad Chicken Rice,cr,เมืองเชียงราย,เวียง,19.9073043,99.8307717,2026-09-18,1,https://nanobotco.github.io/field/photos/2026-09-18/field-20260918-cr-osm-way-960935005.jpg,https://motdang.net/cr/p/chakrapad-chicken-rice-960935005.html
cr-osm-way-961802267,confirmed,Nari Cafe,Nari Cafe,cr,เมืองเชียงราย,เวียง,19.9073255,99.8310869,2026-09-18,1,https://nanobotco.github.io/field/photos/2026-09-18/field-20260918-cr-osm-way-961802267.jpg,https://motdang.net/cr/p/nari-cafe-961802267.html
cr-osm-way-963169294,confirmed,Fika,,cr,เมืองเชียงราย,เวียง,19.9068551,99.8309037,2026-09-18,1,https://nanobotco.github.io/field/photos/2026-09-18/field-20260918-cr-osm-way-963169294.jpg,https://motdang.net/cr/p/fika-963169294.html
cr-ovt-280972ac-dd2d-4502-8d44-32a66ade7496,confirmed,วัดศรีมิ่งแก้ว,,cr,เมืองเชียงราย,รอบเวียง,19.88093852996826,99.79591369628906,2026-09-18,1,https://nanobotco.github.io/field/photos/2026-09-18/field-20260918-gsal0840-031-v-135.jpg,https://motdang.net/cr/p/2809722450284432667496.html
cr-ovt-2efa3b17-1cd3-4e3d-8cd1-a75b739d75d2,confirmed,OWNDAYS Central Chiangrai,OWNDAYS Central Chiangrai,cr,เมืองเชียงราย,รอบเวียง,19.886483192443848,99.83299255371094,2026-09-18,1,https://nanobotco.github.io/field/photos/2026-09-18/field-20260917-cr-ovt-2efa3b17-1cd3-4e3d-8cd1-a75b739d75d2.jpg,https://motdang.net/cr/p/owndays-central-chiangrai-231713438175739752.html
cr-ovt-41497dbf-9092-4edf-afd0-d4c50cfb170b,confirmed,วัดเหมืองลึก,,cr,แม่ลาว,โป่งแพร่,19.774470329284668,99.65767669677734,2026-09-18,1,https://nanobotco.github.io/field/photos/2026-09-18/field-20260918-gsam0929-064-v-135.jpg,https://motdang.net/cr/p/41497909240450170.html
cr-ovt-548302ef-8740-4375-98a7-7c1633941bb7,confirmed,วัดแสงแก้วโพธิญาณ,,cr,แม่สรวย,เจดีย์หลวง,19.6028470993042,99.52671813964844,2026-09-18,1,https://nanobotco.github.io/field/photos/2026-09-18/field-20260918-gsap1668-007-v-135.jpg,https://motdang.net/cr/p/54830287404375987716339417.html
cr-ovt-61844bd4-68dd-46eb-b591-df0ef460e215,confirmed,Oriental Jewelry & Gold,Oriental Jewelry & Gold,cr,เมืองเชียงราย,รอบเวียง,19.8866548538208,99.8346939086914,2026-09-18,1,https://nanobotco.github.io/field/photos/2026-09-18/field-20260917-cr-ovt-61844bd4-68dd-46eb-b591-df0ef460e215.jpg,https://motdang.net/cr/p/oriental-jewelry-gold-61844468465910460215.html
cr-ovt-79d9e14e-cb34-42a2-a007-15578dc4f05b,confirmed,Antiques Cafe,Antiques Cafe,cr,เวียงป่าเป้า,แม่เจดีย์ใหม่,19.1149320602417,99.4623794555664,2026-09-18,1,https://nanobotco.github.io/field/photos/2026-09-18/field-20260917-cr-ovt-79d9e14e-cb34-42a2-a007-15578dc4f05b.jpg,https://motdang.net/cr/p/antiques-cafe-799143442200715578405.html
cr-ovt-bb0d8000-ffa3-49d4-a1dc-9cad9b2212d0,confirmed,รัตนาสังฆภัณฑ์,,cr,เมืองเชียงราย,เวียง,19.909586906433105,99.8283920288086,2026-09-18,1,https://nanobotco.github.io/field/photos/2026-09-18/field-20260918-cr-ovt-bb0d8000-ffa3-49d4-a1dc-9cad9b2212d0.jpg,https://motdang.net/cr/p/08000349419922120.html
cr-ovt-f01f1079-a2bb-466d-9a87-a54f7897f545,confirmed,ร้านศิริวัฒนา,,cr,เมืองเชียงราย,เวียง,19.908745765686035,99.82858276367188,2026-09-18,1,https://nanobotco.github.io/field/photos/2026-09-18/field-20260918-cr-ovt-f01f1079-a2bb-466d-9a87-a54f7897f545.jpg,https://motdang.net/cr/p/0110792466987547897545.html
