status,id,name,kind,lat,lng,motdang_url
added,cr-curated-phriao,เพรียว,pharmacy,19.9093,99.8292,https://motdang.net/cr/p/crcuratedphriao.html
added,cr-curated-ran-phronni-kaisot,ร้าน พรรณีไก่สด,fresh chicken stall,19.9093,99.8292,https://motdang.net/cr/p/crcuratedranphronnikaisot.html
added,cr-curated-wai-wan-yunipom,วัยหวาน ยูนิฟอร์ม,uniform shop,19.9093,99.8292,https://motdang.net/cr/p/crcuratedwaiwanyunipom.html
added,cr-curated-ran-suea-suai,ร้าน เสื้อสวย,clothes shop,19.9093,99.8292,https://motdang.net/cr/p/crcuratedransueasuai.html
added,cr-curated-trairat-thantaphaet,ไตรรัตน์ทันตแพทย์,dental clinic,19.9093,99.8292,https://motdang.net/cr/p/crcuratedtrairatthantaphaet.html
added,cr-curated-clinic-thantakrarom-urai-wan-thantaphaet,คลินิกทันตกรรม อุไรวรรณทันตแพทย์,dental clinic,19.9093,99.8292,https://motdang.net/cr/p/crcuratedclinicthantakraromuraiwanthantaphaet.html
added,cr-curated-faechan-faep-rik,แฟชั่นแฟบริค,fabric shop,19.9093,99.8292,https://motdang.net/cr/p/crcuratedfaechanfaeprik.html
added,cr-curated-laksami,ลักษมี,fabric shop,19.9093,99.8292,https://motdang.net/cr/p/crcuratedlaksami.html
added,cr-curated-hangthong-yaowarat-khatnga,ห้างทองเยาวราชค้าส่ง,gold shop (wholesale),19.9093,99.8292,https://motdang.net/cr/p/crcuratedhangthongyaowaratkhatnga.html
added,cr-curated-hot-spring-halal-food,HOT SPRING HALAL FOOD,restaurant,19.115,99.462,https://motdang.net/cr/p/hot-spring-halal-food-crcuratedhotspringhalalfood.html
added,cr-curated-ku-phai-saeng-kaew-phothiyan,กู้ภัยแสงแก้วโพธิญาณ,rescue unit post,19.6028470993042,99.52671813964844,https://motdang.net/cr/p/crcuratedkuphaisaengkaewphothiyan.html
added,cr-curated-moshi-moshi-central-chiangrai,Moshi Moshi,gifts and household goods (full sign seen in view GS010010_t0056_s0f0),19.886284,99.8330265,https://motdang.net/cr/p/moshi-moshi-crcuratedmoshimoshicentralchiangrai.html
added,cr-curated-amaze-central-chiangrai,AMAZE,"women's fashion store; facade lists Guy Laroche, GSP, LOF-FI-CIEL, Jousse",19.886284,99.8330265,https://motdang.net/cr/p/amaze-crcuratedamazecentralchiangrai.html
added,cr-curated-supersports-central-chiangrai,SUPERSPORTS,sports store,19.886284,99.8330265,https://motdang.net/cr/p/supersports-crcuratedsupersportscentralchiangrai.html
added,cr-curated-skechers-central-chiangrai,SKECHERS,shoe store,19.886284,99.8330265,https://motdang.net/cr/p/skechers-crcuratedskecherscentralchiangrai.html
added,cr-curated-fotobooth-central-chiangrai,FOTOBOOTH,photo booth; FOTOYA banner beside it,19.886284,99.8330265,https://motdang.net/cr/p/fotobooth-crcuratedfotoboothcentralchiangrai.html
added,cr-curated-crocs-central-chiangrai,crocs,shoe store,19.886284,99.8330265,https://motdang.net/cr/p/crocs-crcuratedcrocscentralchiangrai.html
added,cr-curated-chob-cha-central-chiangrai,CHOB CHA,shop sign seen across the Thai-crafts concourse,19.886284,99.8330265,https://motdang.net/cr/p/chob-cha-crcuratedchobchacentralchiangrai.html
added,cr-curated-verra-central-chiangrai,Verra,bedding and pillow shop,19.886284,99.8330265,https://motdang.net/cr/p/verra-crcuratedverracentralchiangrai.html
added,cr-curated-daiso-central-chiangrai,DAISO,Japanese variety store,19.886284,99.8330265,https://motdang.net/cr/p/daiso-crcurateddaisocentralchiangrai.html
added,cr-curated-mister-donut-central-chiangrai,Mister Donut,doughnut shop,19.886284,99.8330265,https://motdang.net/cr/p/mister-donut-crcuratedmisterdonutcentralchiangrai.html
added,cr-curated-auntie-annes-central-chiangrai,Auntie Anne's,pretzel shop,19.886284,99.8330265,https://motdang.net/cr/p/auntie-anne-s-crcuratedauntieannescentralchiangrai.html
added,cr-curated-sabina-central-chiangrai,SABINA,lingerie shop,19.886284,99.8330265,https://motdang.net/cr/p/sabina-crcuratedsabinacentralchiangrai.html
added,cr-curated-giordano-central-chiangrai,GIORDANO,fashion store,19.886284,99.8330265,https://motdang.net/cr/p/giordano-crcuratedgiordanocentralchiangrai.html
added,cr-curated-de-beers-forevermark-central-chiangrai,DE BEERS FOREVERMARK,diamond jewellery shop,19.886284,99.8330265,https://motdang.net/cr/p/de-beers-forevermark-crcurateddebeersforevermarkcentralchiangrai.html
added,cr-curated-dilavie-central-chiangrai,dilavie,jewellery shop,19.886284,99.8330265,https://motdang.net/cr/p/dilavie-crcurateddilaviecentralchiangrai.html
added,cr-curated-anello-central-chiangrai,anello,bag shop,19.886284,99.8330265,https://motdang.net/cr/p/anello-crcuratedanellocentralchiangrai.html
added,cr-curated-istudio-central-chiangrai,iStudio,Apple products reseller,19.886284,99.8330265,https://motdang.net/cr/p/istudio-crcuratedistudiocentralchiangrai.html
added,cr-curated-it-city-central-chiangrai,IT CITY,computer and electronics store,19.886284,99.8330265,https://motdang.net/cr/p/it-city-crcurateditcitycentralchiangrai.html
added,cr-curated-lemony-central-chiangrai,LEMONY,gift and lifestyle shop,19.886284,99.8330265,https://motdang.net/cr/p/lemony-crcuratedlemonycentralchiangrai.html
added,cr-curated-officemate-central-chiangrai,OfficeMate,office supplies store (cell shows Office M…; full sign in view GS010011_t0024_s0f1),19.886284,99.8330265,https://motdang.net/cr/p/officemate-crcuratedofficematecentralchiangrai.html
added,cr-curated-tokuyo-central-chiangrai,tokuyo,massage chair shop,19.886284,99.8330265,https://motdang.net/cr/p/tokuyo-crcuratedtokuyocentralchiangrai.html
added,cr-curated-honor-central-chiangrai,HONOR,phone brand shop,19.886284,99.8330265,https://motdang.net/cr/p/honor-crcuratedhonorcentralchiangrai.html
added,cr-curated-talia-central-chiangrai,TALIA,fashion store,19.886284,99.8330265,https://motdang.net/cr/p/talia-crcuratedtaliacentralchiangrai.html
added,cr-curated-urthe-central-chiangrai,URTHE,fashion store,19.886284,99.8330265,https://motdang.net/cr/p/urthe-crcuratedurthecentralchiangrai.html
added,cr-curated-the-face-shop-central-chiangrai,THE FACE SHOP,cosmetics shop,19.886284,99.8330265,https://motdang.net/cr/p/the-face-shop-crcuratedthefaceshopcentralchiangrai.html
added,cr-curated-cute-press-central-chiangrai,cute press,cosmetics shop,19.886284,99.8330265,https://motdang.net/cr/p/cute-press-crcuratedcutepresscentralchiangrai.html
added,cr-curated-dtac-hall-central-chiangrai,dtac hall,mobile network service shop,19.886284,99.8330265,https://motdang.net/cr/p/dtac-hall-crcurateddtachallcentralchiangrai.html
added,cr-curated-bonchon-central-chiangrai,Bonchon,Korean fried chicken restaurant,19.886284,99.8330265,https://motdang.net/cr/p/bonchon-crcuratedbonchoncentralchiangrai.html
confirmed,cr-curated-clock-tower,หอนาฬิกาเฉลิมพระเกียรติฯ เชียงราย,sights,,,https://motdang.net/cr/p/chiang-rai-clock-tower-crcuratedclocktower.html
confirmed,cr-osm-node-2121910374,น้ำพุร้อนแม่ขะจาน,sights,,,https://motdang.net/cr/p/hot-springs-mae-khachan-2121910374.html
confirmed,cr-osm-node-2138298548,วัดห้วยส้ม,wat,,,https://motdang.net/cr/p/wat-huai-som-2138298548.html
confirmed,cr-osm-node-2138306718,วัดป่าตึงงาม,wat,,,https://motdang.net/cr/p/wat-pa-tueng-ngam-2138306718.html
confirmed,cr-osm-node-2326555960,วัดมุงเมือง,sights/wat,,,https://motdang.net/cr/p/mung-mang-temple-ruin-2326555960.html
confirmed,cr-osm-node-8946977368,พาเวอร์บาย,repair,,,https://motdang.net/cr/p/power-buy-8946977368.html
confirmed,cr-osm-way-1110659333,เซ็นทรัล เชียงราย,shopping,,,https://motdang.net/cr/p/central-chiang-rai-1110659333.html
confirmed,cr-osm-way-387050901,ตลาดสดเทศบาล ๑,market,,,https://motdang.net/cr/p/municipal-market-1-387050901.html
confirmed,cr-osm-way-387050904,วัดมิ่งเมือง,wat,,,https://motdang.net/cr/p/wat-ming-mueang-387050904.html
confirmed,cr-osm-way-959733189,Knifeshift,food,,,https://motdang.net/cr/p/knifeshift-959733189.html
confirmed,cr-osm-way-960935005,ข้าวมันไก่จักรพรรดิ,food,,,https://motdang.net/cr/p/chakrapad-chicken-rice-960935005.html
confirmed,cr-osm-way-961802267,Nari Cafe,food,,,https://motdang.net/cr/p/nari-cafe-961802267.html
confirmed,cr-osm-way-963169294,Fika,food,,,https://motdang.net/cr/p/fika-963169294.html
confirmed,cr-ovt-280972ac-dd2d-4502-8d44-32a66ade7496,วัดศรีมิ่งแก้ว,wat,,,https://motdang.net/cr/p/2809722450284432667496.html
confirmed,cr-ovt-2efa3b17-1cd3-4e3d-8cd1-a75b739d75d2,OWNDAYS Central Chiangrai,repair,,,https://motdang.net/cr/p/owndays-central-chiangrai-231713438175739752.html
confirmed,cr-ovt-41497dbf-9092-4edf-afd0-d4c50cfb170b,วัดเหมืองลึก,community,,,https://motdang.net/cr/p/41497909240450170.html
confirmed,cr-ovt-548302ef-8740-4375-98a7-7c1633941bb7,วัดแสงแก้วโพธิญาณ,wat,,,https://motdang.net/cr/p/54830287404375987716339417.html
confirmed,cr-ovt-61844bd4-68dd-46eb-b591-df0ef460e215,Oriental Jewelry & Gold,shopping,,,https://motdang.net/cr/p/oriental-jewelry-gold-61844468465910460215.html
confirmed,cr-ovt-79d9e14e-cb34-42a2-a007-15578dc4f05b,Antiques Cafe,food,,,https://motdang.net/cr/p/antiques-cafe-799143442200715578405.html
confirmed,cr-ovt-bb0d8000-ffa3-49d4-a1dc-9cad9b2212d0,รัตนาสังฆภัณฑ์,business,,,https://motdang.net/cr/p/08000349419922120.html
confirmed,cr-ovt-f01f1079-a2bb-466d-9a87-a54f7897f545,ร้านศิริวัฒนา,shopping,,,https://motdang.net/cr/p/0110792466987547897545.html
